Index,Arrival_Time,Creation_Time,x,y,z,User,Model,Device,gt,event_ts,event_ts_dbl
323816,1424698517429,1424698515410853472,-6.098633,0.9975128000000001,7.656891000000001,a,nexus4,nexus4_1,bike,2015-02-23T13:35:17.429+0000,1424698517.429
323007,1424698517426,1424700362955426327,-5.771164,1.6156616000000001,8.771896,a,nexus4,nexus4_2,bike,2015-02-23T13:35:17.426+0000,1424698517.426
323006,1424698517426,1424700362947613827,-6.8339996,1.4906921,8.619553,a,nexus4,nexus4_2,bike,2015-02-23T13:35:17.426+0000,1424698517.426
165910,1424698517426,54300337511000,-5.7939680000000005,0.26815059999999996,6.847417,a,s3,s3_1,bike,2015-02-23T13:35:17.426+0000,1424698517.426
109495,1424698517425,282244562254000,-6.282307,1.072589,7.201669,a,samsungold,samsungold_1,bike,2015-02-23T13:35:17.425+0000,1424698517.425
323815,1424698517423,1424698515405848589,-5.9796143,0.90586853,7.58667,a,nexus4,nexus4_1,bike,2015-02-23T13:35:17.423+0000,1424698517.423
162005,1424698517422,275957389754000,-6.5792660000000005,1.8579005000000002,6.2823853,a,s3,s3_2,bike,2015-02-23T13:35:17.422+0000,1424698517.422
159317,1424698517422,15991285029000,6.7301009999999994,-1.6208745,8.826224,a,s3mini,s3mini_1,bike,2015-02-23T13:35:17.422+0000,1424698517.422
323814,1424698517419,1424698515400813188,-5.915344,0.85350037,7.5331116,a,nexus4,nexus4_1,bike,2015-02-23T13:35:17.419+0000,1424698517.419
110395,1424698517419,12234801815000,6.741988,-1.53227,7.354896000000001,a,samsungold,samsungold_2,bike,2015-02-23T13:35:17.419+0000,1424698517.419
165909,1424698517416,54300327507000,-5.765238,0.22984336,6.8761472999999995,a,s3,s3_1,bike,2015-02-23T13:35:17.416+0000,1424698517.416
323813,1424698517413,1424698515395777788,-5.895111,0.76542664,7.560486,a,nexus4,nexus4_1,bike,2015-02-23T13:35:17.413+0000,1424698517.413
323005,1424698517413,1424700362942731014,-6.923263499999999,1.3954773,9.024216000000001,a,nexus4,nexus4_2,bike,2015-02-23T13:35:17.413+0000,1424698517.413
159316,1424698517413,15991275172000,6.599616999999999,-1.364695,8.92319,a,s3mini,s3mini_1,bike,2015-02-23T13:35:17.413+0000,1424698517.413
323004,1424698517412,1424700362937420956,-6.893509,1.3478698999999998,9.111099000000001,a,nexus4,nexus4_2,bike,2015-02-23T13:35:17.412+0000,1424698517.412
162004,1424698517412,275957379611000,-6.4739213,1.9536686,6.5505357,a,s3,s3_2,bike,2015-02-23T13:35:17.412+0000,1424698517.412
110394,1424698517410,12234792293000,7.048442,-1.53227,7.508122999999999,a,samsungold,samsungold_2,bike,2015-02-23T13:35:17.410+0000,1424698517.41
323812,1424698517409,1424698515390711870,-5.914154,0.7118683000000001,7.612854,a,nexus4,nexus4_1,bike,2015-02-23T13:35:17.409+0000,1424698517.409
165908,1424698517406,54300317127000,-5.755661,0.29688102,6.9527617,a,s3,s3_1,bike,2015-02-23T13:35:17.406+0000,1424698517.406
109494,1424698517405,282244542265000,-6.435534,1.072589,7.354896000000001,a,samsungold,samsungold_1,bike,2015-02-23T13:35:17.405+0000,1424698517.405
323002,1424698517404,1424700362927350155,-6.8209076,1.2181396,9.30867,a,nexus4,nexus4_2,bike,2015-02-23T13:35:17.404+0000,1424698517.404
323003,1424698517404,1424700362934033505,-6.874466,1.2943115,9.287247,a,nexus4,nexus4_2,bike,2015-02-23T13:35:17.404+0000,1424698517.404
323811,1424698517403,1424698515385676470,-5.796325700000001,0.6345062,7.549774,a,nexus4,nexus4_1,bike,2015-02-23T13:35:17.403+0000,1424698517.403
162003,1424698517402,275957369530000,-6.4260373,2.0590134,6.7516490000000005,a,s3,s3_2,bike,2015-02-23T13:35:17.402+0000,1424698517.402
159315,1424698517402,15991264826000,6.271611,-1.1935096,8.963891,a,s3mini,s3mini_1,bike,2015-02-23T13:35:17.402+0000,1424698517.402
323810,1424698517399,1424698515380671587,-5.63089,0.58451843,7.625946000000001,a,nexus4,nexus4_1,bike,2015-02-23T13:35:17.399+0000,1424698517.399
165907,1424698517396,54300307124000,-5.7365074,0.35434186,7.019799000000001,a,s3,s3_1,bike,2015-02-23T13:35:17.396+0000,1424698517.396
323001,1424698517394,1424700362922284237,-6.749496499999999,1.1622008999999998,9.396744,a,nexus4,nexus4_2,bike,2015-02-23T13:35:17.394+0000,1424698517.394
323809,1424698517393,1424698515375605669,-5.6106567,0.55952454,7.535492,a,nexus4,nexus4_1,bike,2015-02-23T13:35:17.393+0000,1424698517.393
162002,1424698517392,275957359412000,-6.4643445,2.135628,6.933608,a,s3,s3_2,bike,2015-02-23T13:35:17.392+0000,1424698517.392
159314,1424698517392,15991254847000,5.7879825,-1.0666169,9.015367,a,s3mini,s3mini_1,bike,2015-02-23T13:35:17.392+0000,1424698517.392
322999,1424698517390,1424700362912243954,-6.7042694,0.9182129000000001,9.516952499999999,a,nexus4,nexus4_2,bike,2015-02-23T13:35:17.390+0000,1424698517.39
323000,1424698517390,1424700362919201962,-6.7423553,1.0467529,9.512192,a,nexus4,nexus4_2,bike,2015-02-23T13:35:17.390+0000,1424698517.39
110393,1424698517390,12234772243000,7.201669,-1.8387240000000002,7.66135,a,samsungold,samsungold_2,bike,2015-02-23T13:35:17.390+0000,1424698517.39
323808,1424698517389,1424698515370570268,-5.521393,0.5535736,7.589050299999999,a,nexus4,nexus4_1,bike,2015-02-23T13:35:17.389+0000,1424698517.389
109493,1424698517389,282244526670000,-6.588761,1.072589,7.508122999999999,a,samsungold,samsungold_1,bike,2015-02-23T13:35:17.389+0000,1424698517.389
165906,1424698517386,54300296797000,-5.755661,0.47884035,7.134721300000001,a,s3,s3_1,bike,2015-02-23T13:35:17.386+0000,1424698517.386
323807,1424698517383,1424698515365534868,-5.5951843,0.54048157,7.597381599999999,a,nexus4,nexus4_1,bike,2015-02-23T13:35:17.383+0000,1424698517.383
159313,1424698517382,15991245173000,5.2265425,-0.9732430000000001,9.058461999999999,a,s3mini,s3mini_1,bike,2015-02-23T13:35:17.382+0000,1424698517.382
162001,1424698517381,275957349298000,-6.5601125,2.2122424,7.038953,a,s3,s3_2,bike,2015-02-23T13:35:17.381+0000,1424698517.381
323806,1424698517379,1424698515360499468,-5.442840599999999,0.5547638,7.458130000000001,a,nexus4,nexus4_1,bike,2015-02-23T13:35:17.379+0000,1424698517.379
322998,1424698517377,1424700362907208553,-6.529312,0.8741760000000001,9.493149,a,nexus4,nexus4_2,bike,2015-02-23T13:35:17.377+0000,1424698517.377
165905,1424698517376,54300286723000,-5.7365074,0.59376204,7.345411,a,s3,s3_1,bike,2015-02-23T13:35:17.376+0000,1424698517.376
322997,1424698517374,1424700362902600399,-6.268661499999999,0.77182007,9.50029,a,nexus4,nexus4_2,bike,2015-02-23T13:35:17.374+0000,1424698517.374
323805,1424698517373,1424698515355464067,-5.424988,0.5119170999999999,7.5343018,a,nexus4,nexus4_1,bike,2015-02-23T13:35:17.373+0000,1424698517.373
159312,1424698517373,15991235164000,4.7752349999999995,-0.94092125,9.087193,a,s3mini,s3mini_1,bike,2015-02-23T13:35:17.373+0000,1424698517.373
162000,1424698517371,275957339175000,-6.6941880000000005,2.2218192,7.105990400000001,a,s3,s3_2,bike,2015-02-23T13:35:17.371+0000,1424698517.371
322996,1424698517370,1424700362899548641,-5.931839,0.74801636,9.457443,a,nexus4,nexus4_2,bike,2015-02-23T13:35:17.370+0000,1424698517.37
322995,1424698517370,1424700362892224423,-5.586685,0.713501,9.458633,a,nexus4,nexus4_2,bike,2015-02-23T13:35:17.370+0000,1424698517.37
110392,1424698517369,12234751796000,7.048442,-1.685497,7.66135,a,samsungold,samsungold_2,bike,2015-02-23T13:35:17.369+0000,1424698517.369
135284,1424786886325,100596791923000,-2.298405,-0.612908,10.266209,b,samsungold,samsungold_2,bike,2015-02-24T14:08:06.325+0000,1424786886.325
363269,1424786886324,1424786889806461043,-1.4378662,0.569046,10.547852,b,nexus4,nexus4_1,bike,2015-02-24T14:08:06.324+0000,1424786886.324
363268,1424786886320,1424786889801578231,-1.4592896,0.68330383,10.526428,b,nexus4,nexus4_1,bike,2015-02-24T14:08:06.320+0000,1424786886.32
183818,1424786886318,141083407855000,-1.3215994,-1.3790601,9.701305,b,s3,s3_1,bike,2015-02-24T14:08:06.318+0000,1424786886.318
363267,1424786886317,1424786889796542831,-1.3831177,0.73210144,10.622833,b,nexus4,nexus4_1,bike,2015-02-24T14:08:06.317+0000,1424786886.317
135283,1424786886316,100596782463000,-2.604859,-0.45968100000000006,10.419436,b,samsungold,samsungold_2,bike,2015-02-24T14:08:06.316+0000,1424786886.316
363266,1424786886310,1424786889791507430,-1.3009948999999998,0.7701874,10.709717,b,nexus4,nexus4_1,bike,2015-02-24T14:08:06.310+0000,1424786886.31
135490,1424786886310,12556321973000,-2.145178,-0.9193620000000001,10.266209,b,samsungold,samsungold_1,bike,2015-02-24T14:08:06.310+0000,1424786886.31
183817,1424786886307,141083397765000,-1.6759412,-1.5514427,9.77792,b,s3,s3_1,bike,2015-02-24T14:08:06.307+0000,1424786886.307
363265,1424786886305,1424786889786441512,-1.1795959999999999,0.9225310999999999,10.718048,b,nexus4,nexus4_1,bike,2015-02-24T14:08:06.305+0000,1424786886.305
135489,1424786886301,12556312329000,-1.9919509999999998,-0.45968100000000006,10.112982,b,samsungold,samsungold_1,bike,2015-02-24T14:08:06.301+0000,1424786886.301
363264,1424786886300,1424786889781436629,-0.98083496,0.9141998,10.803741,b,nexus4,nexus4_1,bike,2015-02-24T14:08:06.300+0000,1424786886.3
183816,1424786886297,141083387662000,-1.9249381999999997,-1.7525556,9.931149000000001,b,s3,s3_1,bike,2015-02-24T14:08:06.297+0000,1424786886.297
363263,1424786886295,1424786889776401229,-0.85943604,0.97846985,10.827544999999999,b,nexus4,nexus4_1,bike,2015-02-24T14:08:06.295+0000,1424786886.295
135282,1424786886295,100596761863000,-2.451632,0,10.266209,b,samsungold,samsungold_2,bike,2015-02-24T14:08:06.295+0000,1424786886.295
363262,1424786886291,1424786889771365829,-0.8118286,0.96061707,10.823975,b,nexus4,nexus4_1,bike,2015-02-24T14:08:06.291+0000,1424786886.291
363261,1424786886287,1424786889766330428,-0.7546997,0.96299744,10.732330000000001,b,nexus4,nexus4_1,bike,2015-02-24T14:08:06.287+0000,1424786886.287
183815,1424786886287,141083377301000,-2.0685901999999996,-1.7908629,9.921572,b,s3,s3_1,bike,2015-02-24T14:08:06.287+0000,1424786886.287
135281,1424786886286,100596752372000,-2.298405,0.45968100000000006,10.266209,b,samsungold,samsungold_2,bike,2015-02-24T14:08:06.286+0000,1424786886.286
363260,1424786886282,1424786889761264510,-0.647583,0.947525,10.66687,b,nexus4,nexus4_1,bike,2015-02-24T14:08:06.282+0000,1424786886.282
363259,1424786886281,1424786889756259627,-0.5071411,1.0570221000000002,10.685913000000001,b,nexus4,nexus4_1,bike,2015-02-24T14:08:06.281+0000,1424786886.281
363258,1424786886281,1424786889751193709,-0.40716553,1.068924,10.620453,b,nexus4,nexus4_1,bike,2015-02-24T14:08:06.281+0000,1424786886.281
135488,1424786886281,12556292279000,-1.9919509999999998,-0.153227,9.959755,b,samsungold,samsungold_1,bike,2015-02-24T14:08:06.281+0000,1424786886.281
363256,1424786886278,1424786889741122909,-0.38812256,1.1796111999999999,10.464539,b,nexus4,nexus4_1,bike,2015-02-24T14:08:06.278+0000,1424786886.278
363257,1424786886278,1424786889746188827,-0.44525146,1.159378,10.437164,b,nexus4,nexus4_1,bike,2015-02-24T14:08:06.278+0000,1424786886.278
183814,1424786886277,141083367162000,-2.135628,-1.7238252,9.883265,b,s3,s3_1,bike,2015-02-24T14:08:06.277+0000,1424786886.277
183813,1424786886267,141083357148000,-2.183512,-1.6184803,9.873688000000001,b,s3,s3_1,bike,2015-02-24T14:08:06.267+0000,1424786886.267
135280,1424786886266,100596732292000,-2.298405,0.612908,9.959755,b,samsungold,samsungold_2,bike,2015-02-24T14:08:06.266+0000,1424786886.266
135487,1424786886260,12556272382000,-2.145178,-0.153227,9.959755,b,samsungold,samsungold_1,bike,2015-02-24T14:08:06.260+0000,1424786886.26
363255,1424786886257,1424786889736087508,-0.29885864,1.1546173,10.337189,b,nexus4,nexus4_1,bike,2015-02-24T14:08:06.257+0000,1424786886.257
183812,1424786886257,141083347806000,-2.2984335,-1.4460978999999998,9.768343,b,s3,s3_1,bike,2015-02-24T14:08:06.257+0000,1424786886.257
363254,1424786886252,1424786889731052108,-0.3262329,1.2629242,10.41098,b,nexus4,nexus4_1,bike,2015-02-24T14:08:06.252+0000,1424786886.252
135486,1424786886250,12556261823000,-2.145178,0,10.112982,b,samsungold,samsungold_1,bike,2015-02-24T14:08:06.250+0000,1424786886.25
363253,1424786886247,1424786889726016708,-0.25720215,1.3343353,10.299103,b,nexus4,nexus4_1,bike,2015-02-24T14:08:06.247+0000,1424786886.247
183811,1424786886247,141083337164000,-2.4133554,-1.2162545,9.615114,b,s3,s3_1,bike,2015-02-24T14:08:06.247+0000,1424786886.247
135279,1424786886245,100596711876000,-2.451632,0.612908,9.959755,b,samsungold,samsungold_2,bike,2015-02-24T14:08:06.245+0000,1424786886.245
363252,1424786886242,1424786889721011825,-0.30004883,1.3545684999999998,10.261016999999999,b,nexus4,nexus4_1,bike,2015-02-24T14:08:06.242+0000,1424786886.242
363251,1424786886237,1424786889715945907,-0.23220825,1.4616851999999998,10.08606,b,nexus4,nexus4_1,bike,2015-02-24T14:08:06.237+0000,1424786886.237
183810,1424786886237,141083326777000,-2.4899697,-1.0630256,9.595961,b,s3,s3_1,bike,2015-02-24T14:08:06.237+0000,1424786886.237
135278,1424786886236,100596702324000,-2.451632,0.766135,10.112982,b,samsungold,samsungold_2,bike,2015-02-24T14:08:06.236+0000,1424786886.236
363250,1424786886232,1424786889710910506,-0.21554565,1.4759673999999998,10.103912,b,nexus4,nexus4_1,bike,2015-02-24T14:08:06.232+0000,1424786886.232
135485,1424786886230,12556241925000,-2.145178,0.306454,9.959755,b,samsungold,samsungold_1,bike,2015-02-24T14:08:06.230+0000,1424786886.23
363249,1424786886227,1424786889705905624,-0.40240479999999995,1.5211945,10.068207000000001,b,nexus4,nexus4_1,bike,2015-02-24T14:08:06.227+0000,1424786886.227
183809,1424786886226,141083316490000,-2.4420857000000002,-1.0821792,9.624691,b,s3,s3_1,bike,2015-02-24T14:08:06.226+0000,1424786886.226
363248,1424786886222,1424786889700839706,-0.5559387,1.6235503999999998,10.034882000000001,b,nexus4,nexus4_1,bike,2015-02-24T14:08:06.222+0000,1424786886.222
135484,1424786886221,12556232343000,-1.53227,0.45968100000000006,10.266209,b,samsungold,samsungold_1,bike,2015-02-24T14:08:06.221+0000,1424786886.221
363247,1424786886217,1424786889695804305,-0.75112915,1.6866302,10.101532,b,nexus4,nexus4_1,bike,2015-02-24T14:08:06.217+0000,1424786886.217
183808,1424786886216,141083306386000,-2.3463178,-1.091756,9.586383999999999,b,s3,s3_1,bike,2015-02-24T14:08:06.216+0000,1424786886.216
135277,1424786886215,100596681907000,-2.145178,0.9193620000000001,10.112982,b,samsungold,samsungold_2,bike,2015-02-24T14:08:06.215+0000,1424786886.215
363246,1424786886212,1424786889690799422,-0.83206177,1.7068633999999998,10.072968,b,nexus4,nexus4_1,bike,2015-02-24T14:08:06.212+0000,1424786886.212
115398,1424695509149,9226531856000,6.282307,0.153227,7.508122999999999,c,samsungold,samsungold_2,bike,2015-02-23T12:45:09.149+0000,1424695509.149
159530,1424695509148,51461049074000,-5.7843914000000005,0.5554548,5.650316,c,s3,s3_1,bike,2015-02-23T12:45:09.148+0000,1424695509.148
317802,1424695509145,1424697355199420247,-4.9463654,0.86227417,8.039932,c,nexus4,nexus4_2,bike,2015-02-23T12:45:09.145+0000,1424695509.145
114789,1424695509144,279236282316000,-5.056491,-1.072589,6.895214999999999,c,samsungold,samsungold_1,bike,2015-02-23T12:45:09.144+0000,1424695509.144
317801,1424695509143,1424697355194445882,-4.9082794000000005,0.6206665,8.396988,c,nexus4,nexus4_2,bike,2015-02-23T12:45:09.143+0000,1424695509.143
156062,1424695509143,273180901052000,-6.6654577,0.45968673,7.1155677,c,s3,s3_2,bike,2015-02-23T12:45:09.143+0000,1424695509.143
150604,1424695509143,13298652196000,6.315904,0.08499416,8.918402,c,s3mini,s3mini_1,bike,2015-02-23T12:45:09.143+0000,1424695509.143
115397,1424695509140,9226522304000,5.8226260000000005,0.45968100000000006,7.048442,c,samsungold,samsungold_2,bike,2015-02-23T12:45:09.140+0000,1424695509.14
159529,1424695509138,51461038949000,-5.8322754,0.6512229,5.995081,c,s3,s3_1,bike,2015-02-23T12:45:09.138+0000,1424695509.138
317800,1424695509134,1424697355189379964,-4.7987823,0.5218811,8.765945,c,nexus4,nexus4_2,bike,2015-02-23T12:45:09.134+0000,1424695509.134
317799,1424695509133,1424697355184344563,-4.695236,0.49331665,9.115860000000001,c,nexus4,nexus4_2,bike,2015-02-23T12:45:09.133+0000,1424695509.133
156061,1424695509133,273180890921000,-6.5505357,0.13407529999999998,7.153875,c,s3,s3_2,bike,2015-02-23T12:45:09.133+0000,1424695509.133
150603,1424695509133,13298642247000,7.2699933,0.18555063,8.236053,c,s3mini,s3mini_1,bike,2015-02-23T12:45:09.133+0000,1424695509.133
159528,1424695509128,51461028932000,-5.841851999999999,0.7278373,6.272808599999999,c,s3,s3_1,bike,2015-02-23T12:45:09.128+0000,1424695509.128
317798,1424695509125,1424697355179309163,-4.597641,0.53497314,9.065872,c,nexus4,nexus4_2,bike,2015-02-23T12:45:09.125+0000,1424695509.125
114788,1424695509124,279236261839000,-4.59681,-1.225816,6.282307,c,samsungold,samsungold_1,bike,2015-02-23T12:45:09.124+0000,1424695509.124
317797,1424695509123,1424697355174243245,-4.6464386,0.5563965,8.889725,c,nexus4,nexus4_2,bike,2015-02-23T12:45:09.123+0000,1424695509.123
156060,1424695509123,273180881143000,-6.4260373,-0.12449849,7.240066000000001,c,s3,s3_2,bike,2015-02-23T12:45:09.123+0000,1424695509.123
150602,1424695509123,13298632207000,7.9822683,0.22266077,8.055291,c,s3mini,s3mini_1,bike,2015-02-23T12:45:09.123+0000,1424695509.123
159527,1424695509118,51461018737000,-5.8705826,0.7278373,6.4260373,c,s3,s3_1,bike,2015-02-23T12:45:09.118+0000,1424695509.118
317796,1424695509115,1424697355169207845,-4.8523407,0.50045776,8.801651,c,nexus4,nexus4_2,bike,2015-02-23T12:45:09.115+0000,1424695509.115
114787,1424695509114,279236252317000,-4.443583,-1.379043,5.669398999999999,c,samsungold,samsungold_1,bike,2015-02-23T12:45:09.114+0000,1424695509.114
317795,1424695509113,1424697355164141927,-4.9535065000000005,0.41952515,8.683823,c,nexus4,nexus4_2,bike,2015-02-23T12:45:09.113+0000,1424695509.113
150601,1424695509113,13298622258000,8.236053,0.077811554,8.248025,c,s3mini,s3mini_1,bike,2015-02-23T12:45:09.113+0000,1424695509.113
115396,1424695509113,9226495998000,5.056491,0.766135,5.8226260000000005,c,samsungold,samsungold_2,bike,2015-02-23T12:45:09.113+0000,1424695509.113
156059,1424695509112,273180870567000,-6.3302693,-0.26815059999999996,7.278373200000001,c,s3,s3_2,bike,2015-02-23T12:45:09.112+0000,1424695509.112
159526,1424695509108,51461008629000,-5.889736,0.63206923,6.5792660000000005,c,s3,s3_1,bike,2015-02-23T12:45:09.108+0000,1424695509.108
317794,1424695509106,1424697355159228597,-4.997543299999999,0.40881348,8.47673,c,nexus4,nexus4_2,bike,2015-02-23T12:45:09.106+0000,1424695509.106
317793,1424695509105,1424697355154986653,-4.880905,0.45404053,8.331528,c,nexus4,nexus4_2,bike,2015-02-23T12:45:09.105+0000,1424695509.105
114786,1424695509104,279236241758000,-4.59681,-1.072589,5.669398999999999,c,samsungold,samsungold_1,bike,2015-02-23T12:45:09.104+0000,1424695509.104
150600,1424695509103,13298612218000,8.064867999999999,-0.19512744,8.309077,c,s3mini,s3mini_1,bike,2015-02-23T12:45:09.103+0000,1424695509.103
156058,1424695509102,273180860475000,-6.1100025,-0.38307226,7.1826053,c,s3,s3_2,bike,2015-02-23T12:45:09.102+0000,1424695509.102
317791,1424695509098,1424697355144213948,-4.622635,0.45166016,8.456497,c,nexus4,nexus4_2,bike,2015-02-23T12:45:09.098+0000,1424695509.098
317792,1424695509098,1424697355152026448,-4.724991,0.399292,8.373184,c,nexus4,nexus4_2,bike,2015-02-23T12:45:09.098+0000,1424695509.098
159525,1424695509097,51460998523000,-6.1100025,0.545878,6.6079965,c,s3,s3_1,bike,2015-02-23T12:45:09.097+0000,1424695509.097
114785,1424695509094,279236232328000,-4.59681,-1.072589,5.362945,c,samsungold,samsungold_1,bike,2015-02-23T12:45:09.094+0000,1424695509.094
150599,1424695509093,13298602269000,7.820659599999999,-0.5662286999999999,8.303091,c,s3mini,s3mini_1,bike,2015-02-23T12:45:09.093+0000,1424695509.093
156057,1424695509092,273180850382000,-5.889736,-0.49799395,6.924031299999999,c,s3,s3_2,bike,2015-02-23T12:45:09.092+0000,1424695509.092
115395,1424695509090,9226472316000,5.209718,0.612908,5.669398999999999,c,samsungold,samsungold_2,bike,2015-02-23T12:45:09.090+0000,1424695509.09
159524,1424695509087,51460988415000,-6.397307,0.41180268,6.483498,c,s3,s3_1,bike,2015-02-23T12:45:09.087+0000,1424695509.087
317790,1424695509085,1424697355139117513,-4.453628500000001,0.55163574,8.513626,c,nexus4,nexus4_2,bike,2015-02-23T12:45:09.085+0000,1424695509.085
317789,1424695509083,1424697355135424886,-4.3560333,0.61709595,8.738571,c,nexus4,nexus4_2,bike,2015-02-23T12:45:09.083+0000,1424695509.083
150598,1424695509083,13298592229000,7.820659599999999,-0.5662286999999999,8.303091,c,s3mini,s3mini_1,bike,2015-02-23T12:45:09.083+0000,1424695509.083
156056,1424695509082,273180840293000,-5.631162000000001,-0.5554548,6.5984197,c,s3,s3_2,bike,2015-02-23T12:45:09.082+0000,1424695509.082
317787,1424695509078,1424697355124408040,-4.239395,0.6956482,9.240829,c,nexus4,nexus4_2,bike,2015-02-23T12:45:09.078+0000,1424695509.078
317788,1424695509078,1424697355132464681,-4.239395,0.72540283,8.829025,c,nexus4,nexus4_2,bike,2015-02-23T12:45:09.078+0000,1424695509.078
159523,1424695509077,51460978311000,-6.7133417,0.23942018,6.2632318,c,s3,s3_1,bike,2015-02-23T12:45:09.077+0000,1424695509.077
114784,1424695509074,279236211881000,-4.750037,-0.766135,5.209718,c,samsungold,samsungold_1,bike,2015-02-23T12:45:09.074+0000,1424695509.074
150597,1424695509073,13298582280000,7.677007700000001,-0.93493575,8.313866,c,s3mini,s3mini_1,bike,2015-02-23T12:45:09.073+0000,1424695509.073
156055,1424695509072,273180829990000,-5.430049400000001,-0.6512229,6.1770406,c,s3,s3_2,bike,2015-02-23T12:45:09.072+0000,1424695509.072
327525,1424783503590,1424785348909357927,-5.456955000000001,-2.6618652000000003,8.144669,d,nexus4,nexus4_2,bike,2015-02-24T13:11:43.590+0000,1424783503.59
155768,1424783503588,7071212757000,-4.7453080000000005,-2.147599,8.057686,d,s3mini,s3mini_1,bike,2015-02-24T13:11:43.588+0000,1424783503.588
108017,1424783503588,9173601239000,-5.209718,-3.830675,8.887166,d,samsungold,samsungold_1,bike,2015-02-24T13:11:43.588+0000,1424783503.588
159393,1424783503586,138056446048000,-4.185065,-3.122039,7.2209125,d,s3,s3_1,bike,2015-02-24T13:11:43.586+0000,1424783503.586
155719,1424783503586,348663733630000,-4.0797195,-1.2641385,8.1402855,d,s3,s3_2,bike,2015-02-24T13:11:43.586+0000,1424783503.586
327524,1424783503585,1424785348904322527,-5.4748077,-2.8308716,7.8542633,d,nexus4,nexus4_2,bike,2015-02-24T13:11:43.585+0000,1424783503.585
327523,1424783503580,1424785348899287126,-5.3629303,-3.0046387,7.5900419999999995,d,nexus4,nexus4_2,bike,2015-02-24T13:11:43.580+0000,1424783503.58
155767,1424783503579,7071203451000,-4.948815,-2.469619,7.700949700000001,d,s3mini,s3mini_1,bike,2015-02-24T13:11:43.579+0000,1424783503.579
159392,1424783503576,138056435945000,-4.003105000000001,-3.0358477,7.2975270000000005,d,s3,s3_1,bike,2015-02-24T13:11:43.576+0000,1424783503.576
155718,1424783503576,348663723528000,-3.8594532,-1.7142484,8.073248,d,s3,s3_2,bike,2015-02-24T13:11:43.576+0000,1424783503.576
327522,1424783503575,1424785348894251726,-5.260574299999999,-3.0617676,7.532913000000001,d,nexus4,nexus4_2,bike,2015-02-24T13:11:43.575+0000,1424783503.575
108017,1424783503575,97214042381000,-5.8226260000000005,-2.9113130000000003,9.19362,d,samsungold,samsungold_2,bike,2015-02-24T13:11:43.575+0000,1424783503.575
327521,1424783503570,1424785348889246843,-5.208206,-3.1248473999999997,7.385330000000001,d,nexus4,nexus4_2,bike,2015-02-24T13:11:43.570+0000,1424783503.57
155766,1424783503568,7071192742000,-5.2205567,-2.6288335,7.6267295,d,s3mini,s3mini_1,bike,2015-02-24T13:11:43.568+0000,1424783503.568
108016,1424783503568,9173581281000,-4.750037,-3.217767,8.887166,d,samsungold,samsungold_1,bike,2015-02-24T13:11:43.568+0000,1424783503.568
159391,1424783503566,138056425839000,-3.916914,-3.1890767,7.335833999999999,d,s3,s3_1,bike,2015-02-24T13:11:43.566+0000,1424783503.566
155717,1424783503566,348663713423000,-3.8881836000000005,-2.2218192,8.0924015,d,s3,s3_2,bike,2015-02-24T13:11:43.566+0000,1424783503.566
327520,1424783503565,1424785348884150407,-5.239151000000001,-3.103424,7.2794037,d,nexus4,nexus4_2,bike,2015-02-24T13:11:43.565+0000,1424783503.565
327519,1424783503560,1424785348879084489,-5.2474823,-3.0570068,7.272262599999999,d,nexus4,nexus4_2,bike,2015-02-24T13:11:43.560+0000,1424783503.56
108015,1424783503560,9173572949000,-5.362945,-3.217767,8.580712,d,samsungold,samsungold_1,bike,2015-02-24T13:11:43.560+0000,1424783503.56
155765,1424783503557,7071182796000,-5.531803,-2.695871,7.645883,d,s3mini,s3mini_1,bike,2015-02-24T13:11:43.557+0000,1424783503.557
108016,1424783503557,97214024162000,-5.516172,-2.451632,9.19362,d,samsungold,samsungold_2,bike,2015-02-24T13:11:43.557+0000,1424783503.557
155716,1424783503556,348663703305000,-4.271256,-2.8443117,8.226477000000001,d,s3,s3_2,bike,2015-02-24T13:11:43.556+0000,1424783503.556
327518,1424783503555,1424785348874049089,-5.354598999999999,-2.9189453,7.235367,d,nexus4,nexus4_2,bike,2015-02-24T13:11:43.555+0000,1424783503.555
159390,1424783503555,138056415736000,-3.7828386,-3.5434184,7.125144500000001,d,s3,s3_1,bike,2015-02-24T13:11:43.555+0000,1424783503.555
327517,1424783503550,1424785348868891618,-5.430771,-2.8427734,7.2603607000000006,d,nexus4,nexus4_2,bike,2015-02-24T13:11:43.550+0000,1424783503.55
155764,1424783503548,7071173277000,-5.531803,-2.695871,7.645883,d,s3mini,s3mini_1,bike,2015-02-24T13:11:43.548+0000,1424783503.548
155715,1424783503546,348663693231000,-4.8267107000000005,-3.4093432,8.465898,d,s3,s3_2,bike,2015-02-24T13:11:43.546+0000,1424783503.546
159389,1424783503545,138056405630000,-3.5434184,-4.0509889999999995,7.240066000000001,d,s3,s3_1,bike,2015-02-24T13:11:43.545+0000,1424783503.545
327516,1424783503544,1424785348863856218,-5.624771,-2.8546753,7.2829742,d,nexus4,nexus4_2,bike,2015-02-24T13:11:43.544+0000,1424783503.544
108015,1424783503544,97214011558000,-6.12908,-2.298405,8.887166,d,samsungold,samsungold_2,bike,2015-02-24T13:11:43.544+0000,1424783503.544
108014,1424783503540,9173551984000,-6.435534,-3.06454,9.346847,d,samsungold,samsungold_1,bike,2015-02-24T13:11:43.540+0000,1424783503.54
327515,1424783503539,1424785348858851335,-5.7675934,-2.8868103,7.235367,d,nexus4,nexus4_2,bike,2015-02-24T13:11:43.539+0000,1424783503.539
155763,1424783503537,7071162843000,-5.8059389999999995,-2.622848,7.619547,d,s3mini,s3mini_1,bike,2015-02-24T13:11:43.537+0000,1424783503.537
155714,1424783503536,348663683107000,-5.3725886,-3.8594532,8.743625,d,s3,s3_2,bike,2015-02-24T13:11:43.536+0000,1424783503.536
159388,1424783503535,138056395526000,-3.4189199999999995,-4.3957543,7.335833999999999,d,s3,s3_1,bike,2015-02-24T13:11:43.535+0000,1424783503.535
327514,1424783503534,1424785348853815935,-5.965164,-2.7987366000000002,7.300827000000001,d,nexus4,nexus4_2,bike,2015-02-24T13:11:43.534+0000,1424783503.534
327513,1424783503529,1424785348848780534,-6.1317900000000005,-2.7677917,7.281784,d,nexus4,nexus4_2,bike,2015-02-24T13:11:43.529+0000,1424783503.529
155762,1424783503528,7071153293000,-5.8909335,-2.6360161,7.6626425000000005,d,s3mini,s3mini_1,bike,2015-02-24T13:11:43.528+0000,1424783503.528
155713,1424783503526,348663673021000,-5.755661,-3.9743748,8.8777,d,s3,s3_2,bike,2015-02-24T13:11:43.526+0000,1424783503.526
159387,1424783503525,138056385422000,-3.5817258,-4.4436383,7.2304892999999995,d,s3,s3_1,bike,2015-02-24T13:11:43.525+0000,1424783503.525
327512,1424783503524,1424785348843714616,-6.182968,-2.6940002,7.372238,d,nexus4,nexus4_2,bike,2015-02-24T13:11:43.524+0000,1424783503.524
108014,1424783503524,97213991539000,-7.201669,-1.8387240000000002,9.500074,d,samsungold,samsungold_2,bike,2015-02-24T13:11:43.524+0000,1424783503.524
108013,1424783503520,9173531964000,-6.741988,-1.9919509999999998,10.112982,d,samsungold,samsungold_1,bike,2015-02-24T13:11:43.520+0000,1424783503.52
327511,1424783503519,1424785348838709734,-6.1972504,-2.6487732000000004,7.359146000000001,d,nexus4,nexus4_2,bike,2015-02-24T13:11:43.519+0000,1424783503.519
155761,1424783503517,7071142676000,-5.971139,-2.7090392000000003,7.819463000000001,d,s3mini,s3mini_1,bike,2015-02-24T13:11:43.517+0000,1424783503.517
155712,1424783503516,348663662916000,-5.8322754,-3.7541082,8.8777,d,s3,s3_2,bike,2015-02-24T13:11:43.516+0000,1424783503.516
159386,1424783503515,138056375330000,-4.012682,-4.261679,6.9144545,d,s3,s3_1,bike,2015-02-24T13:11:43.515+0000,1424783503.515
327510,1424783503514,1424785348833643816,-6.180587999999999,-2.730896,7.363907000000001,d,nexus4,nexus4_2,bike,2015-02-24T13:11:43.514+0000,1424783503.514
108013,1424783503514,97213981559000,-7.201669,-1.072589,10.419436,d,samsungold,samsungold_2,bike,2015-02-24T13:11:43.514+0000,1424783503.514
135060,1424789460629,15130641736000,2.604859,2.145178,8.580712,e,samsungold,samsungold_1,bike,2015-02-24T14:51:00.629+0000,1424789460.629
187497,1424789460627,12086003056000,1.7753005000000002,-0.21308395,9.572019000000001,e,s3mini,s3mini_1,bike,2015-02-24T14:51:00.627+0000,1424789460.627
396337,1424789460626,1424791305945345681,0.4106598,-0.24578857,11.410538,e,nexus4,nexus4_2,bike,2015-02-24T14:51:00.626+0000,1424789460.626
371846,1424789460625,1424789464107205675,1.7423096000000002,2.7506561,7.587860000000001,e,nexus4,nexus4_1,bike,2015-02-24T14:51:00.625+0000,1424789460.625
193791,1424789460625,143399875425000,2.0590134,2.0015526,10.218452000000001,e,s3,s3_1,bike,2015-02-24T14:51:00.625+0000,1424789460.625
134615,1424789460624,103171091362000,2.145178,2.451632,8.427485,e,samsungold,samsungold_2,bike,2015-02-24T14:51:00.624+0000,1424789460.624
190730,1424789460623,353949545163000,1.9823990000000002,2.384625,7.632714999999999,e,s3,s3_2,bike,2015-02-24T14:51:00.623+0000,1424789460.623
371845,1424789460620,1424789464102170275,1.5387878000000001,2.7720795,7.690216,e,nexus4,nexus4_1,bike,2015-02-24T14:51:00.620+0000,1424789460.62
396336,1424789460620,1424791305940310281,0.51301575,-0.25769043,11.446242999999999,e,nexus4,nexus4_2,bike,2015-02-24T14:51:00.620+0000,1424789460.62
187496,1424789460617,12085992803000,1.7202339,-0.35075054,9.3182335,e,s3mini,s3mini_1,bike,2015-02-24T14:51:00.617+0000,1424789460.617
371844,1424789460615,1424789464097134874,1.539978,2.769699,7.8973083,e,nexus4,nexus4_1,bike,2015-02-24T14:51:00.615+0000,1424789460.615
396335,1424789460615,1424791305935274880,0.74391174,-0.22555542,11.6819,e,nexus4,nexus4_2,bike,2015-02-24T14:51:00.615+0000,1424789460.615
193790,1424789460615,143399865318000,1.9536686,2.0781669999999997,8.408437,e,s3,s3_1,bike,2015-02-24T14:51:00.615+0000,1424789460.615
190729,1424789460614,353949534981000,2.1260512,2.5091232999999997,7.7572136,e,s3,s3_2,bike,2015-02-24T14:51:00.614+0000,1424789460.614
134614,1424789460614,103171081413000,2.145178,2.604859,8.733939,e,samsungold,samsungold_2,bike,2015-02-24T14:51:00.614+0000,1424789460.614
371843,1424789460610,1424789464092099474,1.4661865,2.5340423999999997,7.8794556,e,nexus4,nexus4_1,bike,2015-02-24T14:51:00.610+0000,1424789460.61
396334,1424789460610,1424791305930239480,0.98075867,-0.19342041,11.739028999999999,e,nexus4,nexus4_2,bike,2015-02-24T14:51:00.610+0000,1424789460.61
135059,1424789460609,15130621564000,2.604859,2.451632,8.427485,e,samsungold,samsungold_1,bike,2015-02-24T14:51:00.609+0000,1424789460.609
187495,1424789460606,12085982885000,1.5430629999999999,-0.51954174,9.202114,e,s3mini,s3mini_1,bike,2015-02-24T14:51:00.606+0000,1424789460.606
371842,1424789460605,1424789464087064074,1.5233153999999998,2.2912445,8.007996,e,nexus4,nexus4_1,bike,2015-02-24T14:51:00.605+0000,1424789460.605
396333,1424789460605,1424791305925204079,1.2414093000000002,-0.24935913,11.823532,e,nexus4,nexus4_2,bike,2015-02-24T14:51:00.605+0000,1424789460.605
193789,1424789460605,143399855203000,2.0015526,2.2505496,7.690175999999999,e,s3,s3_1,bike,2015-02-24T14:51:00.605+0000,1424789460.605
190728,1424789460603,353949524856000,2.1260512,2.566584,7.9583262999999995,e,s3,s3_2,bike,2015-02-24T14:51:00.603+0000,1424789460.603
396332,1424789460601,1424791305920168679,1.2556915000000002,-0.25054932,11.830672999999999,e,nexus4,nexus4_2,bike,2015-02-24T14:51:00.601+0000,1424789460.601
371841,1424789460600,1424789464082028673,1.5483093,2.126999,8.034180000000001,e,nexus4,nexus4_1,bike,2015-02-24T14:51:00.600+0000,1424789460.6
135058,1424789460599,15130611585000,3.06454,2.604859,7.967803999999999,e,samsungold,samsungold_1,bike,2015-02-24T14:51:00.599+0000,1424789460.599
187494,1424789460597,12085973425000,1.5430629999999999,-0.51954174,9.202114,e,s3mini,s3mini_1,bike,2015-02-24T14:51:00.597+0000,1424789460.597
134613,1424789460595,103171061729000,2.145178,2.758086,8.580712,e,samsungold,samsungold_2,bike,2015-02-24T14:51:00.595+0000,1424789460.595
371840,1424789460595,1424789464076993273,1.5494995,1.986557,8.027039,e,nexus4,nexus4_1,bike,2015-02-24T14:51:00.595+0000,1424789460.595
396331,1424789460595,1424791305915133279,1.4949188,-0.25411987,11.721176,e,nexus4,nexus4_2,bike,2015-02-24T14:51:00.595+0000,1424789460.595
193788,1424789460595,143399845085000,1.8579005000000002,2.3654714,7.2304892999999995,e,s3,s3_1,bike,2015-02-24T14:51:00.595+0000,1424789460.595
190727,1424789460593,353949514740000,2.1260512,2.6527755,7.8625584,e,s3,s3_2,bike,2015-02-24T14:51:00.593+0000,1424789460.593
371839,1424789460590,1424789464071957872,1.6209106000000002,1.8223113999999998,8.028229,e,nexus4,nexus4_1,bike,2015-02-24T14:51:00.590+0000,1424789460.59
396330,1424789460590,1424791305910097878,1.4746857,-0.21722412,11.577164,e,nexus4,nexus4_2,bike,2015-02-24T14:51:00.590+0000,1424789460.59
187493,1424789460587,12085962836000,1.0989386,-0.7433996,9.119514,e,s3mini,s3mini_1,bike,2015-02-24T14:51:00.587+0000,1424789460.587
371838,1424789460585,1424789464066922472,1.6351928999999998,1.7116241,8.096069,e,nexus4,nexus4_1,bike,2015-02-24T14:51:00.585+0000,1424789460.585
396329,1424789460585,1424791305905062478,1.5806122,-0.11843872,11.778305,e,nexus4,nexus4_2,bike,2015-02-24T14:51:00.585+0000,1424789460.585
193787,1424789460585,143399834966000,1.6567876,2.585738,6.981492,e,s3,s3_1,bike,2015-02-24T14:51:00.585+0000,1424789460.585
190726,1424789460583,353949504656000,2.183512,2.7868507,7.5561004,e,s3,s3_2,bike,2015-02-24T14:51:00.583+0000,1424789460.583
371837,1424789460580,1424789464061887072,1.7173157,1.6485443,8.181763,e,nexus4,nexus4_1,bike,2015-02-24T14:51:00.580+0000,1424789460.58
396328,1424789460580,1424791305900027077,1.7508086999999999,-0.14105225,11.662857,e,nexus4,nexus4_2,bike,2015-02-24T14:51:00.580+0000,1424789460.58
135057,1424789460579,15130591260000,3.217767,2.451632,7.814577000000001,e,samsungold,samsungold_1,bike,2015-02-24T14:51:00.579+0000,1424789460.579
187492,1424789460576,12085952521000,0.7015011,-1.0402806,9.299078999999999,e,s3mini,s3mini_1,bike,2015-02-24T14:51:00.576+0000,1424789460.576
134612,1424789460575,103171041679000,2.451632,2.758086,8.274258,e,samsungold,samsungold_2,bike,2015-02-24T14:51:00.575+0000,1424789460.575
371836,1424789460575,1424789464056851671,1.6268616000000002,1.4700165,8.080597000000001,e,nexus4,nexus4_1,bike,2015-02-24T14:51:00.575+0000,1424789460.575
396327,1424789460575,1424791305894991677,1.944809,-0.1946106,11.3641205,e,nexus4,nexus4_2,bike,2015-02-24T14:51:00.575+0000,1424789460.575
193786,1424789460575,143399824855000,1.4460978999999998,2.9017725,6.981492,e,s3,s3_1,bike,2015-02-24T14:51:00.575+0000,1424789460.575
190725,1424789460573,353949494479000,2.3750482,2.8155810000000003,7.3166804,e,s3,s3_2,bike,2015-02-24T14:51:00.573+0000,1424789460.573
135056,1424789460570,15130582959000,2.758086,2.604859,7.508122999999999,e,samsungold,samsungold_1,bike,2015-02-24T14:51:00.570+0000,1424789460.57
371835,1424789460570,1424789464051816271,1.4316711000000002,1.3569489,8.263885499999999,e,nexus4,nexus4_1,bike,2015-02-24T14:51:00.570+0000,1424789460.57
396326,1424789460570,1424791305889956277,2.1007233,-0.28625488,11.237961,e,nexus4,nexus4_2,bike,2015-02-24T14:51:00.570+0000,1424789460.57
374308,1424781172371,1424781175852690632,0.2736206,1.7342377,9.814697,f,nexus4,nexus4_1,bike,2015-02-24T12:32:52.371+0000,1424781172.371
131801,1424781172371,6842382398000,-0.45968100000000006,0.306454,9.500074,f,samsungold,samsungold_1,bike,2015-02-24T12:32:52.371+0000,1424781172.371
362130,1424781172370,1424783017687652877,-2.1518097000000003,1.0181885,9.956131,f,nexus4,nexus4_2,bike,2015-02-24T12:32:52.370+0000,1424781172.37
374307,1424781172367,1424781175847655232,0.22363281,1.7568511999999998,9.794464,f,nexus4,nexus4_1,bike,2015-02-24T12:32:52.367+0000,1424781172.367
362129,1424781172365,1424783017684246907,-2.1518097000000003,1.0181885,9.956131,f,nexus4,nexus4_2,bike,2015-02-24T12:32:52.365+0000,1424781172.365
362128,1424781172365,1424783017677075276,-2.1649017,0.60757446,9.838303,f,nexus4,nexus4_2,bike,2015-02-24T12:32:52.365+0000,1424781172.365
179424,1424781172365,5074102216000,-2.906561,-0.7302314999999999,9.752781,f,s3mini,s3mini_1,bike,2015-02-24T12:32:52.365+0000,1424781172.365
131460,1424781172365,94882831932000,-0.766135,1.072589,9.500074,f,samsungold,samsungold_2,bike,2015-02-24T12:32:52.365+0000,1424781172.365
374306,1424781172362,1424781175842619831,0.15460205,1.8080292000000002,9.649261,f,nexus4,nexus4_1,bike,2015-02-24T12:32:52.362+0000,1424781172.362
374305,1424781172356,1424781175837584431,0.11175537,1.7723236,9.432648,f,nexus4,nexus4_1,bike,2015-02-24T12:32:52.356+0000,1424781172.356
179423,1424781172356,5074092572000,-2.906561,-0.7302314999999999,9.752781,f,s3mini,s3mini_1,bike,2015-02-24T12:32:52.356+0000,1424781172.356
131459,1424781172356,94882822349000,-0.45968100000000006,1.225816,9.500074,f,samsungold,samsungold_2,bike,2015-02-24T12:32:52.356+0000,1424781172.356
362127,1424781172354,1424783017672009358,-2.3553314,0.7015991,9.910903999999999,f,nexus4,nexus4_2,bike,2015-02-24T12:32:52.354+0000,1424781172.354
374304,1424781172351,1424781175832549031,0.02130127,1.7187653000000003,9.213654,f,nexus4,nexus4_1,bike,2015-02-24T12:32:52.351+0000,1424781172.351
362126,1424781172351,1424783017666973958,-2.1791840000000002,0.95510864,10.163223,f,nexus4,nexus4_2,bike,2015-02-24T12:32:52.351+0000,1424781172.351
131800,1424781172350,6842361920000,0,0.45968100000000006,9.346847,f,samsungold,samsungold_1,bike,2015-02-24T12:32:52.350+0000,1424781172.35
374303,1424781172346,1424781175827544148,-0.012023926,1.7663726999999998,9.0720215,f,nexus4,nexus4_1,bike,2015-02-24T12:32:52.346+0000,1424781172.346
179422,1424781172346,5074082654000,-2.9293058,-0.81642276,9.781511,f,s3mini,s3mini_1,bike,2015-02-24T12:32:52.346+0000,1424781172.346
362125,1424781172345,1424783017662304768,-2.0327911,0.9015503,10.225113,f,nexus4,nexus4_2,bike,2015-02-24T12:32:52.345+0000,1424781172.345
374302,1424781172341,1424781175822508747,0.027252197000000002,1.8223113999999998,9.011322,f,nexus4,nexus4_1,bike,2015-02-24T12:32:52.341+0000,1424781172.341
362123,1424781172341,1424783017651928792,-1.9232941000000003,0.58258057,10.346511999999999,f,nexus4,nexus4_2,bike,2015-02-24T12:32:52.341+0000,1424781172.341
362124,1424781172341,1424783017659283528,-2.0327911,0.9015503,10.225113,f,nexus4,nexus4_2,bike,2015-02-24T12:32:52.341+0000,1424781172.341
131799,1424781172341,6842352338000,-0.153227,0.766135,9.346847,f,samsungold,samsungold_1,bike,2015-02-24T12:32:52.341+0000,1424781172.341
374301,1424781172336,1424781175817442829,-0.013214111,1.8746796000000001,8.919678,f,nexus4,nexus4_1,bike,2015-02-24T12:32:52.336+0000,1424781172.336
179421,1424781172336,5074072614000,-2.825158,-0.9756372,9.680955,f,s3mini,s3mini_1,bike,2015-02-24T12:32:52.336+0000,1424781172.336
131458,1424781172335,94882801872000,-0.306454,1.379043,9.500074,f,samsungold,samsungold_2,bike,2015-02-24T12:32:52.335+0000,1424781172.335
374300,1424781172331,1424781175812437947,-0.044158935999999996,1.8818206999999998,8.925628999999999,f,nexus4,nexus4_1,bike,2015-02-24T12:32:52.331+0000,1424781172.331
362121,1424781172328,1424783017641827473,-1.8863983,0.52545166,10.891617,f,nexus4,nexus4_2,bike,2015-02-24T12:32:52.328+0000,1424781172.328
362122,1424781172328,1424783017647015461,-1.9280548,0.5552063,10.609542999999999,f,nexus4,nexus4_2,bike,2015-02-24T12:32:52.328+0000,1424781172.328
374299,1424781172326,1424781175807402546,-0.110809326,1.9817963,8.961333999999999,f,nexus4,nexus4_1,bike,2015-02-24T12:32:52.326+0000,1424781172.326
131457,1424781172326,94882792228000,-0.153227,1.225816,9.653300999999999,f,samsungold,samsungold_2,bike,2015-02-24T12:32:52.326+0000,1424781172.326
374298,1424781172325,1424781175802336628,-0.10723877,2.0615387,8.957764,f,nexus4,nexus4_1,bike,2015-02-24T12:32:52.325+0000,1424781172.325
179420,1424781172325,5074061780000,-2.621651,-0.93373865,9.563639,f,s3mini,s3mini_1,bike,2015-02-24T12:32:52.325+0000,1424781172.325
362120,1424781172320,1424783017638531575,-1.7911834999999998,0.6361389000000001,10.97493,f,nexus4,nexus4_2,bike,2015-02-24T12:32:52.320+0000,1424781172.32
131798,1424781172320,6842331830000,0,0.766135,9.653300999999999,f,samsungold,samsungold_1,bike,2015-02-24T12:32:52.320+0000,1424781172.32
362119,1424781172319,1424783017631756672,-1.6876373,0.63494873,10.970169,f,nexus4,nexus4_2,bike,2015-02-24T12:32:52.319+0000,1424781172.319
374297,1424781172316,1424781175797301228,-0.04534912,2.2781525,8.911346,f,nexus4,nexus4_1,bike,2015-02-24T12:32:52.316+0000,1424781172.316
179419,1424781172316,5074052625000,-2.5318682,-0.82719666,9.297882000000001,f,s3mini,s3mini_1,bike,2015-02-24T12:32:52.316+0000,1424781172.316
374296,1424781172311,1424781175792265827,0.061767578,2.370987,8.781616,f,nexus4,nexus4_1,bike,2015-02-24T12:32:52.311+0000,1424781172.311
131797,1424781172310,6842322247000,-0.153227,0.766135,9.806528,f,samsungold,samsungold_1,bike,2015-02-24T12:32:52.310+0000,1424781172.31
362118,1424781172309,1424783017626721272,-1.6090851000000002,0.5802001999999999,10.91423,f,nexus4,nexus4_2,bike,2015-02-24T12:32:52.309+0000,1424781172.309
374295,1424781172306,1424781175787260945,0.048675537000000005,2.4019318,8.709014999999999,f,nexus4,nexus4_1,bike,2015-02-24T12:32:52.306+0000,1424781172.306
179418,1424781172306,5074042646000,-2.505532,-0.7015011,9.078813,f,s3mini,s3mini_1,bike,2015-02-24T12:32:52.306+0000,1424781172.306
131456,1424781172306,94882772239000,-0.153227,1.379043,9.806528,f,samsungold,samsungold_2,bike,2015-02-24T12:32:52.306+0000,1424781172.306
362117,1424781172305,1424783017621655354,-1.685257,0.49212646,10.758316,f,nexus4,nexus4_2,bike,2015-02-24T12:32:52.305+0000,1424781172.305
374294,1424781172301,1424781175782133991,0.004638672,2.2864838,8.530486999999999,f,nexus4,nexus4_1,bike,2015-02-24T12:32:52.301+0000,1424781172.301
362115,1424781172300,1424783017611584553,-1.7745209,0.35168457,10.710709,f,nexus4,nexus4_2,bike,2015-02-24T12:32:52.300+0000,1424781172.3
362116,1424781172300,1424783017618359456,-1.6626433999999997,0.35406494,10.730942,f,nexus4,nexus4_2,bike,2015-02-24T12:32:52.300+0000,1424781172.3
179417,1424781172296,5074032575000,-2.4971522999999998,-0.5674258000000001,8.9279785,f,s3mini,s3mini_1,bike,2015-02-24T12:32:52.296+0000,1424781172.296
374293,1424781172295,1424781175777068073,-0.24411010000000002,2.1567534999999998,8.286499000000001,f,nexus4,nexus4_1,bike,2015-02-24T12:32:52.295+0000,1424781172.295
186598,1424689044755,7296664768000,-5.9807158,-0.8655039000000001,7.381324,g,s3mini,s3mini_1,bike,2015-02-23T10:57:24.755+0000,1424689044.755
136079,1424689044754,272771892332000,-7.66135,-3.6774480000000005,7.508122999999999,g,samsungold,samsungold_1,bike,2015-02-23T10:57:24.754+0000,1424689044.754
135272,1424689044749,2762132289000,-7.354896000000001,-3.06454,7.508122999999999,g,samsungold,samsungold_2,bike,2015-02-23T10:57:24.749+0000,1424689044.749
372147,1424689044748,1424690890798548687,-6.8197174,-1.3621826000000001,7.3734283,g,nexus4,nexus4_2,bike,2015-02-23T10:57:24.748+0000,1424689044.748
372148,1424689044748,1424690890803675640,-6.8494720000000004,-1.3800354,7.249649000000001,g,nexus4,nexus4_2,bike,2015-02-23T10:57:24.748+0000,1424689044.748
186597,1424689044745,7296654700000,-5.9531827,-0.65242,7.728483,g,s3mini,s3mini_1,bike,2015-02-23T10:57:24.745+0000,1424689044.745
136078,1424689044744,272771882231000,-7.354896000000001,-3.370994,7.814577000000001,g,samsungold,samsungold_1,bike,2015-02-23T10:57:24.744+0000,1424689044.744
361233,1424689044743,1424689042747871289,-5.915344,-1.8744048999999998,8.184142999999999,g,nexus4,nexus4_1,bike,2015-02-23T10:57:24.743+0000,1424689044.743
361232,1424689044742,1424689042744636426,-5.734436,-1.7922821,7.881836,g,nexus4,nexus4_1,bike,2015-02-23T10:57:24.742+0000,1424689044.742
361231,1424689044742,1424689042737769971,-5.305969,-1.5828094,7.333160400000001,g,nexus4,nexus4_1,bike,2015-02-23T10:57:24.742+0000,1424689044.742
372145,1424689044740,1424690890788508404,-6.598342999999999,-1.4252625,7.435318,g,nexus4,nexus4_2,bike,2015-02-23T10:57:24.740+0000,1424689044.74
372146,1424689044740,1424690890795283306,-6.739975,-1.3990784,7.438888499999999,g,nexus4,nexus4_2,bike,2015-02-23T10:57:24.740+0000,1424689044.74
186596,1424689044735,7296644785000,-5.8203044,-0.5734113000000001,8.257602,g,s3mini,s3mini_1,bike,2015-02-23T10:57:24.735+0000,1424689044.735
135271,1424689044729,2762112331000,-6.895214999999999,-2.9113130000000003,7.814577000000001,g,samsungold,samsungold_2,bike,2015-02-23T10:57:24.729+0000,1424689044.729
372144,1424689044729,1424690890783656109,-6.538833599999999,-1.3657532,7.5400543,g,nexus4,nexus4_2,bike,2015-02-23T10:57:24.729+0000,1424689044.729
372143,1424689044728,1424690890778986920,-6.4031525,-1.1848450000000001,7.6102753,g,nexus4,nexus4_2,bike,2015-02-23T10:57:24.728+0000,1424689044.728
186595,1424689044725,7296634321000,-5.930437599999999,-0.7314286,8.525752,g,s3mini,s3mini_1,bike,2015-02-23T10:57:24.725+0000,1424689044.725
361230,1424689044725,1424689042732734571,-5.1274414,-1.5482941000000001,7.061798,g,nexus4,nexus4_1,bike,2015-02-23T10:57:24.725+0000,1424689044.725
136077,1424689044724,272771862303000,-6.895214999999999,-3.217767,7.814577000000001,g,samsungold,samsungold_1,bike,2015-02-23T10:57:24.724+0000,1424689044.724
361229,1424689044722,1424689042729225049,-5.1274414,-1.5482941000000001,7.061798,g,nexus4,nexus4_1,bike,2015-02-23T10:57:24.722+0000,1424689044.722
361228,1424689044721,1424689042722663770,-5.1738586,-1.4911652,6.630951,g,nexus4,nexus4_1,bike,2015-02-23T10:57:24.721+0000,1424689044.721
372141,1424689044721,1424690890768977154,-6.1282195999999995,-0.9539489999999999,7.912582400000001,g,nexus4,nexus4_2,bike,2015-02-23T10:57:24.721+0000,1424689044.721
372142,1424689044721,1424690890775965679,-6.2436676,-1.0170288,7.7602386,g,nexus4,nexus4_2,bike,2015-02-23T10:57:24.721+0000,1424689044.721
135270,1424689044719,2762102230000,-7.048442,-2.298405,7.66135,g,samsungold,samsungold_2,bike,2015-02-23T10:57:24.719+0000,1424689044.719
186594,1424689044715,7296624772000,-5.930437599999999,-0.7314286,8.525752,g,s3mini,s3mini_1,bike,2015-02-23T10:57:24.715+0000,1424689044.715
361227,1424689044709,1424689042717628369,-5.295257599999999,-1.4852142,6.478607,g,nexus4,nexus4_1,bike,2015-02-23T10:57:24.709+0000,1424689044.709
372140,1424689044708,1424690890763331402,-5.996109,-0.9360961999999999,8.011368,g,nexus4,nexus4_2,bike,2015-02-23T10:57:24.708+0000,1424689044.708
361225,1424689044707,1424689042707557569,-5.423797599999999,-1.5268707000000001,6.476227,g,nexus4,nexus4_1,bike,2015-02-23T10:57:24.707+0000,1424689044.707
361226,1424689044707,1424689042713508496,-5.295257599999999,-1.4852142,6.478607,g,nexus4,nexus4_1,bike,2015-02-23T10:57:24.707+0000,1424689044.707
372139,1424689044707,1424690890758234966,-5.804489,-0.819458,8.101822,g,nexus4,nexus4_2,bike,2015-02-23T10:57:24.707+0000,1424689044.707
186593,1424689044705,7296614734000,-6.066907,-0.91937345,8.529344,g,s3mini,s3mini_1,bike,2015-02-23T10:57:24.705+0000,1424689044.705
136076,1424689044704,272771842283000,-5.669398999999999,-2.758086,7.967803999999999,g,samsungold,samsungold_1,bike,2015-02-23T10:57:24.704+0000,1424689044.704
372138,1424689044701,1424690890755213726,-5.6533356,-0.7801819000000001,8.130386,g,nexus4,nexus4_2,bike,2015-02-23T10:57:24.701+0000,1424689044.701
372137,1424689044700,1424690890748377789,-5.36174,-0.74090576,8.335098,g,nexus4,nexus4_2,bike,2015-02-23T10:57:24.700+0000,1424689044.7
135269,1424689044699,2762082241000,-6.741988,-1.8387240000000002,7.66135,g,samsungold,samsungold_2,bike,2015-02-23T10:57:24.699+0000,1424689044.699
186592,1424689044695,7296604331000,-6.2021794,-1.1001357,8.376114999999999,g,s3mini,s3mini_1,bike,2015-02-23T10:57:24.695+0000,1424689044.695
361224,1424689044695,1424689042702522168,-5.574951,-1.5423431,6.6916504,g,nexus4,nexus4_1,bike,2015-02-23T10:57:24.695+0000,1424689044.695
136075,1424689044694,272771832304000,-4.59681,-2.604859,7.967803999999999,g,samsungold,samsungold_1,bike,2015-02-23T10:57:24.694+0000,1424689044.694
361222,1424689044692,1424689042692451367,-5.7903748,-1.4875946000000002,6.985626,g,nexus4,nexus4_1,bike,2015-02-23T10:57:24.692+0000,1424689044.692
361223,1424689044692,1424689042698921094,-5.574951,-1.5423431,6.6916504,g,nexus4,nexus4_1,bike,2015-02-23T10:57:24.692+0000,1424689044.692
135268,1424689044689,2762072292000,-5.669398999999999,-1.685497,7.66135,g,samsungold,samsungold_2,bike,2015-02-23T10:57:24.689+0000,1424689044.689
372136,1424689044689,1424690890743159283,-4.992782599999999,-0.71829224,8.355331,g,nexus4,nexus4_2,bike,2015-02-23T10:57:24.689+0000,1424689044.689
372135,1424689044687,1424690890738032330,-4.6488190000000005,-0.6659241,8.480300999999999,g,nexus4,nexus4_2,bike,2015-02-23T10:57:24.687+0000,1424689044.687
186591,1424689044685,7296594325000,-6.4380083,-1.1528081000000001,8.170214,g,s3mini,s3mini_1,bike,2015-02-23T10:57:24.685+0000,1424689044.685
361221,1424689044680,1424689042687415967,-5.8594055,-1.5756683,7.110595699999999,g,nexus4,nexus4_1,bike,2015-02-23T10:57:24.680+0000,1424689044.68
372133,1424689044680,1424690890728083599,-4.282242,-0.6802063,8.393417,g,nexus4,nexus4_2,bike,2015-02-23T10:57:24.680+0000,1424689044.68
372134,1424689044680,1424690890734950054,-4.378647,-0.6802063,8.421982,g,nexus4,nexus4_2,bike,2015-02-23T10:57:24.680+0000,1424689044.68
361220,1424689044677,1424689042683540235,-5.8594055,-1.5756683,7.110595699999999,g,nexus4,nexus4_1,bike,2015-02-23T10:57:24.677+0000,1424689044.677
361219,1424689044677,1424689042677345166,-6.172424299999999,-1.7791901,7.464081,g,nexus4,nexus4_1,bike,2015-02-23T10:57:24.677+0000,1424689044.677
186590,1424689044676,7296584532000,-6.472724400000001,-0.94930094,7.9188222999999995,g,s3mini,s3mini_1,bike,2015-02-23T10:57:24.676+0000,1424689044.676
113042,1424701028804,284755942350000,-1.379043,-2.9113130000000003,10.112982,h,samsungold,samsungold_1,bike,2015-02-23T14:17:08.804+0000,1424701028.804
308883,1424701028803,1424702874856563831,-2.0494537,-2.0870056,9.196793,h,nexus4,nexus4_2,bike,2015-02-23T14:17:08.803+0000,1424701028.803
159278,1424701028801,18130041632000,-3.9097313999999996,-1.733402,8.684967,h,s3mini,s3mini_1,bike,2015-02-23T14:17:08.801+0000,1424701028.801
308882,1424701028800,1424702874851528430,-1.9566192999999998,-2.108429,9.30867,h,nexus4,nexus4_2,bike,2015-02-23T14:17:08.800+0000,1424701028.8
160694,1424701028799,56555020294000,-2.3080103,-1.8579005000000002,8.7532015,h,s3,s3_1,bike,2015-02-23T14:17:08.799+0000,1424701028.799
113078,1424701028799,14746181850000,-1.8387240000000002,-1.9919509999999998,10.266209,h,samsungold,samsungold_2,bike,2015-02-23T14:17:08.799+0000,1424701028.799
159186,1424701028795,278157548489000,-2.2984335,-2.1739352000000003,9.56723,h,s3,s3_2,bike,2015-02-23T14:17:08.795+0000,1424701028.795
308881,1424701028794,1424702874846493030,-1.8709258999999998,-2.1048584,9.495529,h,nexus4,nexus4_2,bike,2015-02-23T14:17:08.794+0000,1424701028.794
159277,1424701028791,18130031562000,-3.855862,-1.733402,8.497022,h,s3mini,s3mini_1,bike,2015-02-23T14:17:08.791+0000,1424701028.791
113077,1424701028790,14746172298000,-1.685497,-1.8387240000000002,10.112982,h,samsungold,samsungold_2,bike,2015-02-23T14:17:08.790+0000,1424701028.79
308880,1424701028789,1424702874841457629,-1.8161773999999997,-2.0929564999999997,9.4015045,h,nexus4,nexus4_2,bike,2015-02-23T14:17:08.789+0000,1424701028.789
160693,1424701028789,56555010184000,-2.1739352000000003,-2.0973208,8.983044999999999,h,s3,s3_1,bike,2015-02-23T14:17:08.789+0000,1424701028.789
159185,1424701028788,278157540717000,-2.1164744,-2.183512,9.519346,h,s3,s3_2,bike,2015-02-23T14:17:08.788+0000,1424701028.788
308879,1424701028785,1424702874836391712,-1.762619,-2.1548462,9.416977000000001,h,nexus4,nexus4_2,bike,2015-02-23T14:17:08.785+0000,1424701028.785
113041,1424701028784,284755922239000,-1.53227,-2.604859,9.500074,h,samsungold,samsungold_1,bike,2015-02-23T14:17:08.784+0000,1424701028.784
159276,1424701028781,18130021949000,-3.8414967000000004,-1.8112136000000003,8.433575999999999,h,s3mini,s3mini_1,bike,2015-02-23T14:17:08.781+0000,1424701028.781
160692,1424701028779,56555000080000,-1.9153613999999999,-2.27928,9.308656,h,s3,s3_1,bike,2015-02-23T14:17:08.779+0000,1424701028.779
308878,1424701028778,1424702874831264758,-1.7769012,-2.1810303,9.358658,h,nexus4,nexus4_2,bike,2015-02-23T14:17:08.778+0000,1424701028.778
308877,1424701028772,1424702874826229358,-1.7376251,-2.0977173,9.265823,h,nexus4,nexus4_2,bike,2015-02-23T14:17:08.772+0000,1424701028.772
159275,1424701028771,18130011908000,-3.5338415999999997,-1.7693150000000002,8.592789999999999,h,s3mini,s3mini_1,bike,2015-02-23T14:17:08.771+0000,1424701028.771
113076,1424701028770,14746152309000,-1.8387240000000002,-1.53227,9.653300999999999,h,samsungold,samsungold_2,bike,2015-02-23T14:17:08.770+0000,1424701028.77
308876,1424701028769,1424702874821193958,-1.813797,-2.127472,9.265823,h,nexus4,nexus4_2,bike,2015-02-23T14:17:08.769+0000,1424701028.769
160691,1424701028769,56554989973000,-1.733402,-2.2888567,9.519346,h,s3,s3_1,bike,2015-02-23T14:17:08.769+0000,1424701028.769
159184,1424701028768,278157518795000,-2.1068976000000004,-1.9057846,9.11712,h,s3,s3_2,bike,2015-02-23T14:17:08.768+0000,1424701028.768
113040,1424701028764,284755902250000,-1.685497,-2.604859,9.19362,h,samsungold,samsungold_1,bike,2015-02-23T14:17:08.764+0000,1424701028.764
308875,1424701028763,1424702874816158557,-1.9173431,-2.2607727000000004,9.317001,h,nexus4,nexus4_2,bike,2015-02-23T14:17:08.763+0000,1424701028.763
159274,1424701028762,18130001990000,-3.1364042999999997,-1.6747441000000003,8.640674,h,s3mini,s3mini_1,bike,2015-02-23T14:17:08.762+0000,1424701028.762
308874,1424701028759,1424702874811123157,-2.0161284999999998,-2.3309937,9.489578,h,nexus4,nexus4_2,bike,2015-02-23T14:17:08.759+0000,1424701028.759
160690,1424701028759,56554979866000,-1.685518,-2.1068976000000004,9.528922999999999,h,s3,s3_1,bike,2015-02-23T14:17:08.759+0000,1424701028.759
113039,1424701028754,284755892301000,-1.685497,-2.758086,9.346847,h,samsungold,samsungold_1,bike,2015-02-23T14:17:08.754+0000,1424701028.754
308873,1424701028752,1424702874806118274,-1.9923248,-2.3726501,9.558608999999999,h,nexus4,nexus4_2,bike,2015-02-23T14:17:08.752+0000,1424701028.752
159183,1424701028751,278157504071000,-2.2218192,-1.8483237000000001,8.916007,h,s3,s3_2,bike,2015-02-23T14:17:08.751+0000,1424701028.751
159273,1424701028751,18129991828000,-2.8562827,-1.7214310000000002,8.698134,h,s3mini,s3mini_1,bike,2015-02-23T14:17:08.751+0000,1424701028.751
308872,1424701028750,1424702874801052356,-2.0530243,-2.5238037,9.75737,h,nexus4,nexus4_2,bike,2015-02-23T14:17:08.750+0000,1424701028.75
160689,1424701028749,56554969760000,-1.6759412,-1.9823990000000002,9.375694000000001,h,s3,s3_1,bike,2015-02-23T14:17:08.749+0000,1424701028.749
113075,1424701028749,14746131710000,-2.145178,-1.685497,9.346847,h,samsungold,samsungold_2,bike,2015-02-23T14:17:08.749+0000,1424701028.749
308871,1424701028743,1424702874796016956,-2.108963,-2.5654602000000004,9.935898,h,nexus4,nexus4_2,bike,2015-02-23T14:17:08.743+0000,1424701028.743
159272,1424701028742,18129981971000,-2.718616,-1.8183962,8.803479,h,s3mini,s3mini_1,bike,2015-02-23T14:17:08.742+0000,1424701028.742
159182,1424701028741,278157493959000,-2.3080103,-1.8770541,8.801085,h,s3,s3_2,bike,2015-02-23T14:17:08.741+0000,1424701028.741
308870,1424701028740,1424702874790981555,-2.2017975,-2.6249695,10.157272,h,nexus4,nexus4_2,bike,2015-02-23T14:17:08.740+0000,1424701028.74
113074,1424701028740,14746122249000,-1.8387240000000002,-1.685497,9.346847,h,samsungold,samsungold_2,bike,2015-02-23T14:17:08.740+0000,1424701028.74
160688,1424701028739,56554959653000,-1.7525556,-1.8962077000000002,9.126697,h,s3,s3_1,bike,2015-02-23T14:17:08.739+0000,1424701028.739
159271,1424701028734,18129974494000,-2.7904419999999996,-2.0602105,8.902839,h,s3mini,s3mini_1,bike,2015-02-23T14:17:08.734+0000,1424701028.734
113038,1424701028734,284755872312000,-1.53227,-2.604859,9.346847,h,samsungold,samsungold_1,bike,2015-02-23T14:17:08.734+0000,1424701028.734
308869,1424701028732,1424702874785946155,-2.2958221,-2.6321106,10.345322,h,nexus4,nexus4_2,bike,2015-02-23T14:17:08.732+0000,1424701028.732
159181,1424701028731,278157483766000,-2.2697031,-1.8866308999999997,8.90643,h,s3,s3_2,bike,2015-02-23T14:17:08.731+0000,1424701028.731
159270,1424701028730,18129962867000,-2.7748797,-2.2086509999999997,9.305064999999999,h,s3mini,s3mini_1,bike,2015-02-23T14:17:08.730+0000,1424701028.73
308868,1424701028729,1424702874780910754,-2.333908,-2.5880737000000003,10.560744999999999,h,nexus4,nexus4_2,bike,2015-02-23T14:17:08.729+0000,1424701028.729
160687,1424701028728,56554949548000,-1.8387468999999996,-1.8387468999999996,8.963891,h,s3,s3_1,bike,2015-02-23T14:17:08.728+0000,1424701028.728
308867,1424701028722,1424702874775875354,-2.288681,-2.6249695,10.425064,h,nexus4,nexus4_2,bike,2015-02-23T14:17:08.722+0000,1424701028.722
374698,1424778553400,1424780398718857691,2.0578766,-0.3517151,9.527664,i,nexus4,nexus4_2,bike,2015-02-24T11:49:13.400+0000,1424778553.4
180511,1424778553399,2902706051000,1.3251906999999998,0.17836803,9.338583999999999,i,s3mini,s3mini_1,bike,2015-02-24T11:49:13.399+0000,1424778553.399
365724,1424778553396,1424778556886558506,2.2160034,-0.033187866,10.011078,i,nexus4,nexus4_1,bike,2015-02-24T11:49:13.396+0000,1424778553.396
374697,1424778553395,1424780398713822291,1.9590912,-0.27435303,9.583603,i,nexus4,nexus4_2,bike,2015-02-24T11:49:13.395+0000,1424778553.395
129052,1424778553395,92263861839000,1.379043,0,9.959755,i,samsungold,samsungold_2,bike,2015-02-24T11:49:13.395+0000,1424778553.395
184072,1424778553392,133624112602000,1.9536686,0.36391866,9.509769,i,s3,s3_1,bike,2015-02-24T11:49:13.392+0000,1424778553.392
365723,1424778553391,1424778556881523106,2.1398314999999997,0.014419556000000002,9.951569000000001,i,nexus4,nexus4_1,bike,2015-02-24T11:49:13.391+0000,1424778553.391
374696,1424778553390,1424780398708786890,2.01622,-0.2922058,9.571701,i,nexus4,nexus4_2,bike,2015-02-24T11:49:13.390+0000,1424778553.39
180510,1424778553389,2902695432000,1.3263878,0.15682021,9.331401,i,s3mini,s3mini_1,bike,2015-02-24T11:49:13.389+0000,1424778553.389
365722,1424778553386,1424778556876487705,2.1802979,0.0096588135,10.038452000000001,i,nexus4,nexus4_1,bike,2015-02-24T11:49:13.386+0000,1424778553.386
374695,1424778553386,1424780398703751490,2.047165,-0.2922058,9.596695,i,nexus4,nexus4_2,bike,2015-02-24T11:49:13.386+0000,1424778553.386
129051,1424778553386,92263852409000,1.53227,0,9.959755,i,samsungold,samsungold_2,bike,2015-02-24T11:49:13.386+0000,1424778553.386
374694,1424778553382,1424780398698716089,2.0055084,-0.32077026,9.577652,i,nexus4,nexus4_2,bike,2015-02-24T11:49:13.382+0000,1424778553.382
184071,1424778553382,133624102625000,2.0207062,0.35434186,9.490616000000001,i,s3,s3_1,bike,2015-02-24T11:49:13.382+0000,1424778553.382
365721,1424778553381,1424778556871452305,2.142212,-0.007003784,10.052734,i,nexus4,nexus4_1,bike,2015-02-24T11:49:13.381+0000,1424778553.381
374693,1424778553381,1424780398693680689,1.9483795,-0.25769043,9.634781,i,nexus4,nexus4_2,bike,2015-02-24T11:49:13.381+0000,1424778553.381
180509,1424778553380,2902686125000,1.3144168,0.15203181,9.324219,i,s3mini,s3mini_1,bike,2015-02-24T11:49:13.380+0000,1424778553.38
365720,1424778553376,1424778556866416904,2.1350708,-0.028427123999999998,10.068207000000001,i,nexus4,nexus4_1,bike,2015-02-24T11:49:13.376+0000,1424778553.376
374692,1424778553376,1424780398688645289,1.9662323,-0.30529785,9.544327000000001,i,nexus4,nexus4_2,bike,2015-02-24T11:49:13.376+0000,1424778553.376
374691,1424778553375,1424780398683640406,1.9138641,-0.34100342,9.513382,i,nexus4,nexus4_2,bike,2015-02-24T11:49:13.375+0000,1424778553.375
184070,1424778553372,133624092213000,1.9919758,0.31603462,9.500193,i,s3,s3_1,bike,2015-02-24T11:49:13.372+0000,1424778553.372
365719,1424778553371,1424778556861381504,2.161255,0.027511597000000002,10.030121000000001,i,nexus4,nexus4_1,bike,2015-02-24T11:49:13.371+0000,1424778553.371
180508,1424778553369,2902675414000,1.3323733,0.142455,9.306262,i,s3mini,s3mini_1,bike,2015-02-24T11:49:13.369+0000,1424778553.369
365718,1424778553366,1424778556856346104,2.1838683999999997,-0.0034332275,10.057495,i,nexus4,nexus4_1,bike,2015-02-24T11:49:13.366+0000,1424778553.366
129050,1424778553366,92263832267000,1.53227,0.153227,9.806528,i,samsungold,samsungold_2,bike,2015-02-24T11:49:13.366+0000,1424778553.366
374690,1424778553362,1424780398678574488,1.9174346999999998,-0.30886840000000004,9.478867,i,nexus4,nexus4_2,bike,2015-02-24T11:49:13.362+0000,1424778553.362
184069,1424778553362,133624082182000,2.0111293999999997,0.29688102,9.490616000000001,i,s3,s3_1,bike,2015-02-24T11:49:13.362+0000,1424778553.362
365717,1424778553361,1424778556851310703,2.1767272999999996,0.041793823,10.014648,i,nexus4,nexus4_1,bike,2015-02-24T11:49:13.361+0000,1424778553.361
180507,1424778553359,2902665710000,1.3275848999999997,0.13766660000000003,9.325416,i,s3mini,s3mini_1,bike,2015-02-24T11:49:13.359+0000,1424778553.359
365716,1424778553356,1424778556846275303,2.1695862,0.0001373291,9.993225,i,nexus4,nexus4_1,bike,2015-02-24T11:49:13.356+0000,1424778553.356
374689,1424778553354,1424780398673569605,1.8603058000000001,-0.37075806,9.516952499999999,i,nexus4,nexus4_2,bike,2015-02-24T11:49:13.354+0000,1424778553.354
374688,1424778553352,1424780398668534205,1.9305267,-0.33505250000000003,9.511002000000001,i,nexus4,nexus4_2,bike,2015-02-24T11:49:13.352+0000,1424778553.352
184068,1424778553352,133624071865000,2.0015526,0.30645782,9.490616000000001,i,s3,s3_1,bike,2015-02-24T11:49:13.352+0000,1424778553.352
365715,1424778553350,1424778556841239902,2.1564941,0.04774475,10.057495,i,nexus4,nexus4_1,bike,2015-02-24T11:49:13.350+0000,1424778553.35
180506,1424778553349,2902655914000,1.3383588,0.14006079999999999,9.345766000000001,i,s3mini,s3mini_1,bike,2015-02-24T11:49:13.349+0000,1424778553.349
129049,1424778553346,92263812248000,1.379043,0.153227,9.806528,i,samsungold,samsungold_2,bike,2015-02-24T11:49:13.346+0000,1424778553.346
365714,1424778553345,1424778556836204502,2.1326904,0.014419556000000002,10.047974,i,nexus4,nexus4_1,bike,2015-02-24T11:49:13.345+0000,1424778553.345
374687,1424778553344,1424780398663498804,2.0114593999999997,-0.34100342,9.635971000000001,i,nexus4,nexus4_2,bike,2015-02-24T11:49:13.344+0000,1424778553.344
374686,1424778553342,1424780398658432886,2.0233612,-0.34814453,9.619308,i,nexus4,nexus4_2,bike,2015-02-24T11:49:13.342+0000,1424778553.342
184067,1424778553342,133624061725000,1.9249381999999997,0.34476504,9.557653,i,s3,s3_1,bike,2015-02-24T11:49:13.342+0000,1424778553.342
130202,1424778553341,4223352338000,1.685497,-0.612908,9.806528,i,samsungold,samsungold_1,bike,2015-02-24T11:49:13.341+0000,1424778553.341
365713,1424778553340,1424778556831138584,2.2029113999999996,0.06321716,10.068207000000001,i,nexus4,nexus4_1,bike,2015-02-24T11:49:13.340+0000,1424778553.34
180505,1424778553340,2902646119000,1.3395559,0.15801731,9.358934,i,s3mini,s3mini_1,bike,2015-02-24T11:49:13.340+0000,1424778553.34
365712,1424778553335,1424778556826133701,2.1910095000000003,0.022750853999999997,10.020599,i,nexus4,nexus4_1,bike,2015-02-24T11:49:13.335+0000,1424778553.335
374685,1424778553335,1424780398653428003,2.0495453,-0.31124878,9.497910000000001,i,nexus4,nexus4_2,bike,2015-02-24T11:49:13.335+0000,1424778553.335
184066,1424778553331,133624051609000,1.8962077000000002,0.34476504,9.509769,i,s3,s3_1,bike,2015-02-24T11:49:13.331+0000,1424778553.331
365711,1424778553330,1424778556821098301,2.2005310000000002,0.05369568,10.069397,i,nexus4,nexus4_1,bike,2015-02-24T11:49:13.330+0000,1424778553.33
374684,1424778553329,1424780398648392603,2.0305023,-0.3588562,9.644302,i,nexus4,nexus4_2,bike,2015-02-24T11:49:13.329+0000,1424778553.329
180504,1424778553329,2902635988000,1.3575124,0.14844051,9.320627,i,s3mini,s3mini_1,bike,2015-02-24T11:49:13.329+0000,1424778553.329
365710,1424778553325,1424778556816032383,2.1898193,0.13462829999999998,10.030121000000001,i,nexus4,nexus4_1,bike,2015-02-24T11:49:13.325+0000,1424778553.325
